16213,0.000,0.000,0.000,0.000,0.000,0.000,0.000,0.000,0.000,0.0,0.000
33133,0.000,0.000,0.000,0.000,0.000,0.000,0.000,0.000,0.000,0.0,0.000
49323,0.000,0.000,0.000,0.000,0.000,0.000,0.000,0.000,0.000,0.0,0.000
65547,0.000,0.000,0.000,0.000,0.000,0.000,0.000,0.000,0.000,0.0,0.000
81767,0.000,0.000,0.000,0.000,0.000,0.000,0.000,0.000,0.000,0.0,0.000
97992,0.000,0.000,0.000,0.000,0.000,0.000,0.000,0.000,0.000,0.0,-0.101
114261,0.000,0.000,0.000,0.000,0.000,0.000,0.000,0.000,0.000,0.0,1.862
130449,0.000,0.000,0.000,0.000,0.000,0.000,0.000,0.000,0.000,0.0,-0.102
145453,3.456,3.458,3.320,3.381,3.389,3.392,3.345,3.451,27.192,21.4,-0.088
160459,3.456,3.458,3.320,3.381,3.361,3.391,3.374,3.451,27.192,21.4,-0.111
175464,3.451,3.454,3.314,3.377,3.361,3.391,3.374,3.451,27.173,21.4,-0.101
190465,3.451,3.454,3.328,3.363,3.379,3.391,3.341,3.444,27.151,21.4,0.000
205470,3.451,3.454,3.328,3.363,3.379,3.363,3.370,3.483,27.191,21.4,-0.089
220475,3.451,3.454,3.314,3.377,3.379,3.391,3.341,3.483,27.190,21.4,-0.096
235488,3.451,3.454,3.314,3.377,3.379,3.363,3.370,3.483,27.191,21.4,0.000
250493,3.451,3.454,3.314,3.377,3.379,3.363,3.370,3.483,27.191,21.5,0.000
265517,3.451,3.445,3.323,3.377,3.379,3.363,3.337,3.477,27.152,21.4,-0.100
280600,3.451,3.454,3.314,3.377,3.379,3.391,3.341,3.444,27.151,21.4,-0.082
295681,3.451,3.454,3.328,3.363,3.379,3.391,3.341,3.483,27.190,21.4,-0.098
310762,3.451,3.454,3.328,3.363,3.379,3.363,3.370,3.483,27.191,21.4,-0.119
325843,3.451,3.463,3.320,3.363,3.379,3.391,3.341,3.483,27.191,21.4,-0.107
340924,3.451,3.454,3.314,3.377,3.379,3.391,3.341,3.483,27.190,21.4,-0.100
355994,3.451,3.454,3.314,3.395,3.389,3.364,3.374,3.451,27.192,21.4,-0.079
371078,3.480,3.486,3.354,3.419,3.410,3.455,3.411,3.469,27.484,21.4,0.413
386159,3.456,3.458,3.320,3.381,3.389,3.392,3.378,3.457,27.231,21.4,-0.106
401240,3.456,3.458,3.320,3.381,3.389,3.392,3.378,3.457,27.231,21.4,-0.107
416322,3.451,3.463,3.320,3.381,3.389,3.364,3.374,3.489,27.231,21.4,-0.105
431403,3.451,3.463,3.320,3.381,3.361,3.391,3.374,3.489,27.230,21.4,-0.111
446484,3.451,3.454,3.328,3.381,3.379,3.391,3.374,3.489,27.247,21.4,0.000
461566,3.451,3.454,3.314,3.395,3.361,3.419,3.345,3.489,27.228,21.4,-0.096
476647,3.451,3.454,3.314,3.377,3.379,3.391,3.374,3.451,27.191,21.4,-0.083
491728,3.465,3.475,3.337,3.373,3.398,3.393,3.415,3.470,27.326,21.4,-0.106
506810,3.480,3.486,3.354,3.401,3.383,3.454,3.407,3.540,27.505,21.4,0.396
521891,3.509,3.519,3.379,3.456,3.432,3.518,3.444,3.559,27.816,21.4,0.887
536972,3.509,3.528,3.400,3.445,3.468,3.492,3.480,3.571,27.893,21.4,0.874
552054,3.514,3.532,3.391,3.463,3.460,3.521,3.488,3.545,27.914,21.4,0.883
567134,3.514,3.532,3.420,3.452,3.460,3.521,3.521,3.551,27.971,21.4,0.876
582215,3.524,3.531,3.411,3.470,3.452,3.551,3.497,3.558,27.994,21.4,0.907
597284,3.529,3.535,3.417,3.473,3.461,3.580,3.505,3.570,28.070,21.4,0.933
612368,3.539,3.560,3.425,3.501,3.482,3.584,3.521,3.596,28.208,21.4,1.150
627451,3.553,3.572,3.442,3.511,3.510,3.587,3.566,3.621,28.362,21.4,1.296
642533,3.568,3.584,3.474,3.524,3.548,3.620,3.586,3.614,28.518,21.4,1.514
657614,3.583,3.604,3.497,3.538,3.551,3.680,3.611,3.613,28.677,21.4,1.807
672687,3.592,3.612,3.508,3.544,3.570,3.683,3.652,3.632,28.793,21.4,1.857
687758,3.597,3.625,3.505,3.565,3.561,3.712,3.627,3.678,28.870,21.5,1.854
702842,3.597,3.625,3.519,3.569,3.571,3.713,3.664,3.652,28.910,21.4,1.845
717911,3.602,3.629,3.525,3.590,3.608,3.715,3.640,3.658,28.967,21.4,1.851
732996,3.607,3.633,3.531,3.593,3.590,3.743,3.644,3.664,29.005,21.4,1.860
748077,3.607,3.633,3.545,3.597,3.599,3.744,3.648,3.671,29.044,21.4,1.842
763158,3.612,3.637,3.536,3.614,3.609,3.745,3.652,3.677,29.082,21.5,1.847
778240,3.612,3.637,3.551,3.600,3.636,3.746,3.656,3.683,29.121,21.5,1.808
793321,3.612,3.646,3.557,3.603,3.618,3.746,3.689,3.651,29.122,21.5,1.855
808403,3.617,3.641,3.571,3.607,3.628,3.748,3.660,3.690,29.162,21.5,1.846
823472,3.617,3.659,3.554,3.607,3.638,3.749,3.664,3.696,29.184,21.6,1.829
838556,3.617,3.650,3.562,3.642,3.620,3.749,3.697,3.625,29.162,21.6,1.850
853637,3.622,3.654,3.583,3.613,3.647,3.750,3.701,3.631,29.201,21.5,1.839
868718,3.622,3.663,3.574,3.631,3.657,3.751,3.673,3.670,29.241,21.6,1.847
883787,3.622,3.654,3.597,3.617,3.639,3.779,3.677,3.676,29.261,21.6,1.861
898862,3.627,3.666,3.580,3.634,3.648,3.752,3.709,3.682,29.298,21.6,1.866
913946,3.627,3.666,3.580,3.652,3.648,3.780,3.648,3.715,29.316,21.6,1.889
929028,3.627,3.675,3.585,3.638,3.658,3.753,3.713,3.650,29.299,21.7,1.862
944109,3.631,3.670,3.600,3.641,3.658,3.753,3.713,3.689,29.355,21.6,1.887
959181,3.636,3.674,3.591,3.641,3.667,3.754,3.685,3.689,29.337,21.7,1.881
974265,3.636,3.674,3.591,3.659,3.667,3.782,3.656,3.728,29.393,21.7,1.877
989346,3.636,3.674,3.605,3.644,3.667,3.782,3.689,3.695,29.392,21.7,1.871
1004427,3.636,3.674,3.605,3.644,3.649,3.782,3.689,3.695,29.374,21.7,1.884
1019508,3.636,3.683,3.597,3.662,3.677,3.783,3.693,3.663,29.394,21.7,1.873
1034589,3.641,3.678,3.611,3.648,3.677,3.783,3.693,3.702,29.433,21.7,1.861
1049670,3.641,3.687,3.602,3.648,3.659,3.783,3.726,3.669,29.415,21.7,1.863
1064751,3.641,3.687,3.617,3.651,3.659,3.811,3.697,3.708,29.471,21.7,1.888
1079832,3.646,3.682,3.602,3.648,3.686,3.784,3.697,3.708,29.453,21.8,1.889
1094913,3.646,3.691,3.608,3.651,3.668,3.784,3.730,3.675,29.453,21.8,1.875
1109994,3.646,3.691,3.608,3.669,3.668,3.813,3.701,3.714,29.510,21.8,1.879
1125076,3.646,3.691,3.623,3.654,3.696,3.785,3.701,3.714,29.510,21.9,1.866
1140157,3.651,3.686,3.608,3.669,3.651,3.813,3.734,3.682,29.494,21.9,1.866
1155238,3.651,3.695,3.614,3.654,3.678,3.785,3.734,3.721,29.532,21.9,1.873
1170319,3.656,3.690,3.628,3.658,3.678,3.785,3.734,3.721,29.550,21.8,1.900
1185400,3.656,3.699,3.619,3.658,3.688,3.786,3.705,3.721,29.532,21.9,1.876
1200481,3.656,3.699,3.619,3.658,3.660,3.814,3.738,3.688,29.532,21.9,1.896
1215563,3.656,3.699,3.619,3.676,3.688,3.786,3.738,3.727,29.589,21.9,1.881
1230645,3.661,3.694,3.634,3.661,3.670,3.815,3.709,3.727,29.571,21.9,1.866
1245727,3.656,3.708,3.625,3.661,3.697,3.787,3.742,3.694,29.570,22.0,1.881
1260808,3.661,3.703,3.611,3.676,3.697,3.787,3.742,3.733,29.610,22.0,1.875
1275890,3.661,3.703,3.625,3.679,3.697,3.816,3.714,3.733,29.628,22.0,1.883
1290971,3.666,3.698,3.625,3.679,3.679,3.787,3.774,3.701,29.609,22.0,1.862
1306040,3.666,3.707,3.616,3.679,3.679,3.816,3.746,3.740,29.649,22.0,1.860
1321137,3.666,3.707,3.631,3.682,3.707,3.817,3.718,3.740,29.668,22.0,1.861
1336219,3.671,3.711,3.637,3.668,3.689,3.817,3.718,3.740,29.651,22.0,1.890
1351290,3.671,3.711,3.637,3.668,3.689,3.817,3.750,3.707,29.650,22.0,1.888
1366376,3.671,3.711,3.637,3.686,3.716,3.789,3.750,3.746,29.706,22.0,1.898
1381454,3.671,3.711,3.637,3.686,3.716,3.789,3.750,3.746,29.706,22.1,1.874
1396532,3.671,3.720,3.642,3.653,3.698,3.789,3.783,3.713,29.669,22.1,1.865
1411604,3.675,3.715,3.642,3.671,3.698,3.818,3.754,3.752,29.725,22.1,1.868
1426698,3.675,3.715,3.642,3.671,3.698,3.818,3.754,3.752,29.725,22.1,1.896
1441778,3.675,3.715,3.642,3.689,3.726,3.819,3.726,3.752,29.744,22.1,1.872
1456848,3.675,3.715,3.642,3.689,3.708,3.790,3.754,3.752,29.725,22.1,1.881
1471939,3.680,3.719,3.633,3.689,3.680,3.846,3.758,3.720,29.725,22.2,1.871
1487020,3.680,3.710,3.657,3.692,3.708,3.819,3.758,3.759,29.783,22.2,1.880
1502101,3.680,3.719,3.633,3.707,3.708,3.847,3.762,3.726,29.782,22.1,1.869
1517173,3.680,3.727,3.639,3.692,3.735,3.791,3.791,3.726,29.781,22.2,1.887
1532244,3.685,3.723,3.654,3.678,3.717,3.820,3.762,3.765,29.804,22.2,1.860
1547316,3.685,3.723,3.639,3.710,3.717,3.820,3.762,3.765,29.821,22.2,1.875
1562319,3.685,3.723,3.654,3.696,3.717,3.848,3.767,3.733,29.823,22.2,1.906
1577334,3.685,3.731,3.645,3.696,3.727,3.821,3.767,3.771,29.843,22.3,1.872
1592415,3.685,3.723,3.668,3.681,3.699,3.848,3.734,3.804,29.842,22.3,1.875
1607497,3.690,3.727,3.659,3.699,3.727,3.821,3.767,3.771,29.861,22.3,1.901
1622578,3.690,3.727,3.659,3.699,3.727,3.821,3.799,3.739,29.861,22.3,1.876
1637658,3.690,3.727,3.659,3.699,3.709,3.849,3.771,3.739,29.843,22.4,1.891
1652740,3.695,3.730,3.665,3.684,3.736,3.822,3.771,3.778,29.881,22.3,1.880
1667821,3.695,3.730,3.665,3.702,3.718,3.822,3.803,3.745,29.880,22.3,1.889
1682901,3.690,3.735,3.651,3.699,3.718,3.822,3.803,3.745,29.863,22.3,1.864
1697970,3.695,3.739,3.642,3.717,3.718,3.850,3.775,3.784,29.920,22.3,1.903
1713042,3.695,3.739,3.656,3.702,3.718,3.850,3.775,3.745,29.880,22.4,1.903
1728126,3.700,3.734,3.671,3.706,3.746,3.823,3.775,3.784,29.939,22.4,1.903
1743199,3.695,3.730,3.680,3.706,3.746,3.851,3.779,3.752,29.939,22.4,1.901
1758283,3.700,3.734,3.671,3.706,3.728,3.851,3.779,3.790,29.959,22.6,1.861
1773364,3.700,3.743,3.662,3.706,3.728,3.851,3.779,3.790,29.959,22.6,1.874
1788445,3.700,3.743,3.677,3.709,3.728,3.851,3.779,3.752,29.939,22.6,1.881
1803526,3.705,3.730,3.685,3.691,3.710,3.880,3.783,3.758,29.942,22.6,1.880
1818596,3.705,3.738,3.677,3.709,3.738,3.852,3.783,3.758,29.960,22.5,1.876
1833680,3.705,3.738,3.677,3.709,3.738,3.852,3.783,3.758,29.960,22.6,1.901
1848761,3.705,3.747,3.668,3.727,3.738,3.852,3.815,3.725,29.977,22.5,1.903
1863830,3.705,3.747,3.682,3.694,3.720,3.852,3.815,3.764,29.979,22.5,1.869
1878902,3.705,3.747,3.668,3.727,3.747,3.853,3.787,3.764,29.998,22.5,1.887
1893983,3.710,3.733,3.691,3.712,3.747,3.853,3.787,3.803,30.036,22.5,1.973
1909061,3.715,3.737,3.682,3.730,3.729,3.853,3.820,3.771,30.037,22.5,1.889
1924142,3.710,3.742,3.697,3.716,3.757,3.854,3.791,3.771,30.038,22.6,1.894
1939220,3.715,3.746,3.673,3.730,3.757,3.826,3.820,3.810,30.077,22.5,1.906
1954297,3.715,3.746,3.688,3.733,3.729,3.882,3.824,3.777,30.094,22.5,1.868
1969376,3.715,3.755,3.679,3.733,3.757,3.854,3.824,3.777,30.094,22.6,1.893
1984453,3.719,3.750,3.694,3.719,3.739,3.854,3.824,3.777,30.076,22.8,1.866
1999541,3.715,3.755,3.694,3.719,3.766,3.855,3.795,3.777,30.076,22.7,1.880
2014629,3.719,3.741,3.702,3.719,3.766,3.855,3.795,3.816,30.113,22.8,1.868
2029706,3.724,3.745,3.694,3.737,3.748,3.855,3.828,3.783,30.114,22.6,1.875
2044785,3.719,3.759,3.685,3.737,3.748,3.884,3.799,3.783,30.114,22.7,1.853
2059866,3.724,3.745,3.708,3.722,3.748,3.884,3.799,3.783,30.113,22.7,1.881
2074942,3.724,3.754,3.699,3.740,3.748,3.884,3.832,3.790,30.171,22.7,1.864
2090019,3.724,3.754,3.699,3.722,3.758,3.856,3.832,3.790,30.135,22.7,1.871
2105098,3.724,3.763,3.691,3.722,3.758,3.885,3.803,3.790,30.136,22.7,1.863
2120186,3.729,3.758,3.705,3.726,3.758,3.856,3.832,3.829,30.193,22.8,1.862
2135259,3.724,3.763,3.691,3.758,3.767,3.857,3.836,3.796,30.192,22.7,1.864
2150339,3.729,3.758,3.691,3.758,3.767,3.857,3.836,3.796,30.192,22.8,1.879
2165427,3.729,3.758,3.705,3.743,3.785,3.857,3.836,3.796,30.209,22.8,1.880
2180506,3.729,3.758,3.705,3.743,3.767,3.857,3.836,3.796,30.191,22.8,1.840
2195594,3.729,3.767,3.696,3.743,3.767,3.886,3.840,3.802,30.230,22.9,1.877
2210672,3.729,3.767,3.711,3.729,3.795,3.858,3.840,3.802,30.231,22.8,1.891
2225760,3.734,3.762,3.711,3.747,3.777,3.887,3.812,3.802,30.232,22.8,1.891
2240848,3.734,3.762,3.711,3.747,3.777,3.858,3.840,3.802,30.231,23.0,1.881
2255926,3.734,3.762,3.711,3.729,3.777,3.887,3.812,3.802,30.214,22.9,1.882
2271004,3.734,3.771,3.702,3.747,3.777,3.887,3.812,3.802,30.232,22.9,1.885
2286092,3.739,3.766,3.702,3.747,3.759,3.887,3.844,3.770,30.214,22.9,1.885
2301170,3.739,3.757,3.725,3.750,3.786,3.859,3.844,3.809,30.269,23.0,1.888
2316259,3.739,3.766,3.716,3.750,3.786,3.859,3.844,3.809,30.269,23.0,1.910
2331337,3.739,3.766,3.716,3.750,3.759,3.915,3.816,3.809,30.270,23.0,1.890
2346415,3.739,3.775,3.708,3.750,3.786,3.888,3.816,3.809,30.271,23.0,1.868
2361493,3.739,3.775,3.722,3.753,3.786,3.888,3.848,3.815,30.326,23.0,1.891
2376571,3.744,3.761,3.731,3.753,3.768,3.916,3.820,3.815,30.308,23.1,1.891
2391659,3.739,3.775,3.708,3.768,3.796,3.860,3.848,3.815,30.309,23.0,1.840
2406737,3.744,3.770,3.722,3.753,3.796,3.889,3.852,3.821,30.347,23.0,1.900
2421824,3.744,3.779,3.713,3.753,3.778,3.889,3.852,3.821,30.329,23.1,1.886
2436903,3.744,3.779,3.728,3.757,3.805,3.861,3.852,3.821,30.347,23.1,1.867
2451991,3.744,3.779,3.728,3.757,3.778,3.917,3.824,3.821,30.348,23.3,1.877
2467083,3.749,3.765,3.737,3.757,3.796,3.917,3.824,3.821,30.366,23.3,1.875
2482162,3.749,3.765,3.737,3.757,3.805,3.890,3.856,3.789,30.348,23.1,1.877
2497238,3.749,3.774,3.713,3.771,3.805,3.890,3.856,3.828,30.386,23.2,1.880
2512316,3.749,3.774,3.728,3.757,3.788,3.890,3.856,3.828,30.370,23.3,1.877
2527404,3.749,3.783,3.719,3.775,3.788,3.890,3.856,3.828,30.388,23.2,1.887
2542475,3.749,3.783,3.734,3.760,3.788,3.918,3.861,3.795,30.388,23.2,1.887
2557554,3.749,3.774,3.742,3.760,3.815,3.891,3.861,3.795,30.387,23.2,1.893
2572632,3.754,3.778,3.734,3.760,3.815,3.891,3.861,3.795,30.388,23.3,1.881
2587723,3.754,3.778,3.734,3.778,3.797,3.919,3.865,3.802,30.427,23.2,1.885
2602799,3.754,3.787,3.725,3.760,3.797,3.919,3.865,3.802,30.409,23.3,1.886
2617887,3.759,3.782,3.739,3.763,3.824,3.863,3.861,3.834,30.425,23.3,1.906
2632965,3.754,3.787,3.739,3.763,3.807,3.892,3.865,3.802,30.409,23.3,1.867
2648043,3.754,3.787,3.725,3.796,3.807,3.892,3.865,3.802,30.428,23.3,1.908
2663121,3.754,3.787,3.739,3.781,3.807,3.920,3.836,3.841,30.465,23.4,1.888
2678199,3.759,3.791,3.730,3.781,3.824,3.920,3.836,3.841,30.482,23.5,1.884
2693287,3.759,3.791,3.730,3.781,3.807,3.920,3.869,3.808,30.465,23.4,1.873
2708375,3.759,3.791,3.745,3.767,3.834,3.893,3.869,3.808,30.466,23.6,1.877
2723453,3.759,3.791,3.745,3.785,3.816,3.893,3.869,3.847,30.505,23.4,1.885
2738541,3.763,3.786,3.745,3.785,3.816,3.893,3.869,3.808,30.465,23.4,1.903
2753619,3.759,3.799,3.736,3.767,3.816,3.921,3.873,3.775,30.446,23.4,1.885
2768697,3.759,3.799,3.736,3.785,3.816,3.921,3.873,3.814,30.503,23.5,1.898
2783775,3.763,3.794,3.736,3.785,3.816,3.921,3.873,3.814,30.502,23.6,1.894
2798853,3.763,3.786,3.745,3.802,3.798,3.921,3.873,3.853,30.541,23.4,1.881
2813941,3.763,3.794,3.751,3.788,3.798,3.921,3.873,3.814,30.502,23.4,1.898
2829019,3.768,3.790,3.751,3.788,3.826,3.922,3.844,3.853,30.542,23.5,1.864
2844107,3.768,3.798,3.742,3.788,3.826,3.922,3.877,3.821,30.542,23.4,1.888
2859185,3.768,3.798,3.742,3.788,3.808,3.922,3.877,3.860,30.563,23.4,1.895
2874273,3.768,3.798,3.742,3.788,3.808,3.922,3.877,3.860,30.563,23.4,1.882
2889351,3.768,3.798,3.756,3.791,3.808,3.951,3.849,3.860,30.581,23.5,1.904
2904440,3.768,3.798,3.756,3.791,3.835,3.923,3.881,3.827,30.579,23.5,1.880
2919518,3.768,3.798,3.742,3.806,3.817,3.923,3.881,3.827,30.562,23.5,1.898
2934606,3.768,3.807,3.762,3.795,3.817,3.952,3.853,3.866,30.620,23.7,1.883
2949684,3.773,3.802,3.762,3.777,3.845,3.924,3.853,3.866,30.602,23.7,1.889
2964762,3.773,3.802,3.762,3.795,3.845,3.924,3.853,3.866,30.620,23.8,1.895
2979850,3.773,3.802,3.762,3.795,3.845,3.924,3.885,3.833,30.619,23.9,1.890
2994928,3.773,3.811,3.753,3.795,3.827,3.924,3.885,3.833,30.601,23.8,1.884
3010006,3.773,3.802,3.762,3.795,3.827,3.924,3.885,3.872,30.640,23.7,1.869
3025094,3.778,3.806,3.768,3.798,3.854,3.925,3.857,3.872,30.658,23.7,1.905
3040182,3.778,3.806,3.768,3.798,3.854,3.925,3.857,3.872,30.658,23.7,1.895
3055274,3.778,3.815,3.759,3.798,3.827,3.953,3.857,3.872,30.659,23.8,1.922
3070351,3.783,3.810,3.759,3.816,3.809,3.981,3.861,3.879,30.698,23.7,1.884
3085433,3.783,3.810,3.759,3.816,3.836,3.954,3.861,3.840,30.659,23.8,1.887
3100522,3.783,3.810,3.774,3.801,3.836,3.925,3.922,3.846,30.697,23.8,1.909
3115597,3.783,3.810,3.774,3.801,3.864,3.926,3.893,3.807,30.658,23.7,1.893
3130685,3.783,3.810,3.774,3.819,3.836,3.954,3.893,3.846,30.715,23.7,1.897
3145763,3.783,3.819,3.750,3.816,3.846,3.955,3.865,3.846,30.680,24.0,1.910
3160841,3.783,3.819,3.765,3.819,3.846,3.955,3.897,3.852,30.736,23.8,1.890
3175929,3.788,3.814,3.779,3.805,3.846,3.955,3.897,3.852,30.736,23.9,1.880
3191007,3.783,3.819,3.779,3.805,3.873,3.927,3.897,3.852,30.735,24.0,1.891
3206095,3.788,3.814,3.779,3.805,3.828,3.955,3.897,3.852,30.718,23.8,1.889
3221184,3.788,3.823,3.770,3.822,3.855,3.927,3.897,3.852,30.734,24.1,1.893
3236272,3.788,3.823,3.770,3.822,3.855,3.956,3.869,3.891,30.774,24.1,1.902
3251350,3.793,3.818,3.770,3.822,3.855,3.956,3.902,3.859,30.775,24.0,1.889
3266439,3.788,3.823,3.785,3.808,3.865,3.928,3.902,3.859,30.758,24.1,1.900
3281517,3.793,3.818,3.785,3.826,3.838,3.984,3.873,3.859,30.776,24.1,1.889
3296595,3.788,3.832,3.776,3.826,3.865,3.928,3.902,3.859,30.776,24.1,1.901
3311673,3.793,3.818,3.785,3.826,3.865,3.957,3.873,3.898,30.815,24.1,1.919
3326751,3.793,3.818,3.799,3.811,3.874,3.929,3.906,3.865,30.795,23.9,1.891
3341839,3.793,3.827,3.791,3.811,3.847,3.957,3.906,3.865,30.797,24.1,1.898
3356917,3.793,3.827,3.791,3.829,3.847,3.985,3.877,3.865,30.814,24.1,1.896
3372005,3.793,3.836,3.782,3.829,3.874,3.929,3.938,3.833,30.814,24.1,1.877
3387076,3.798,3.831,3.796,3.815,3.857,3.958,3.910,3.872,30.837,24.1,1.912
3402155,3.798,3.831,3.796,3.815,3.874,3.958,3.910,3.872,30.854,24.2,1.886
3417243,3.798,3.831,3.796,3.832,3.857,3.958,3.910,3.872,30.854,24.3,1.891
3432331,3.798,3.831,3.796,3.815,3.884,3.959,3.881,3.872,30.836,24.3,1.905
3447409,3.798,3.831,3.796,3.832,3.884,3.959,3.914,3.839,30.853,24.3,1.903
3462497,3.803,3.835,3.788,3.832,3.884,3.959,3.914,3.878,30.893,24.3,1.900
3477585,3.803,3.835,3.788,3.850,3.884,3.959,3.914,3.878,30.911,24.3,1.885
3492663,3.803,3.835,3.802,3.818,3.884,3.959,3.881,3.910,30.892,24.2,1.877
3507741,3.803,3.844,3.793,3.836,3.866,3.959,3.914,3.878,30.893,24.3,1.895
3522819,3.803,3.844,3.779,3.850,3.894,3.960,3.885,3.878,30.893,24.2,1.899
3537907,3.803,3.844,3.793,3.836,3.876,3.960,3.918,3.884,30.914,24.2,1.913
3552995,3.803,3.844,3.793,3.836,3.876,3.960,3.918,3.884,30.914,24.3,1.901
3568073,3.807,3.848,3.799,3.821,3.876,3.988,3.889,3.884,30.912,24.2,1.904
3583151,3.807,3.848,3.799,3.839,3.876,3.960,3.950,3.852,30.931,24.4,1.901
3598239,3.812,3.843,3.799,3.821,3.876,3.988,3.922,3.891,30.952,24.2,1.891
3613317,3.812,3.843,3.799,3.839,3.858,3.988,3.922,3.891,30.952,24.4,1.910
3628405,3.812,3.843,3.813,3.825,3.885,3.961,3.922,3.891,30.952,24.4,1.901
3643493,3.807,3.856,3.805,3.842,3.885,3.989,3.894,3.891,30.969,24.2,1.899
3658571,3.812,3.852,3.805,3.842,3.885,3.989,3.894,3.891,30.970,24.3,1.877
3673659,3.817,3.847,3.805,3.842,3.867,3.989,3.926,3.897,30.990,24.3,1.857
3688737,3.817,3.847,3.805,3.842,3.885,3.989,3.926,3.897,31.008,24.2,1.897
3703816,3.817,3.847,3.805,3.860,3.895,3.990,3.898,3.897,31.009,24.3,1.902
3718894,3.817,3.856,3.796,3.860,3.895,3.990,3.930,3.864,31.008,24.3,1.909
3733972,3.817,3.856,3.810,3.846,3.895,3.990,3.930,3.864,31.008,24.3,1.902
3749060,3.817,3.856,3.810,3.846,3.877,3.990,3.930,3.903,31.029,24.3,1.904
3764138,3.822,3.859,3.802,3.846,3.904,3.991,3.934,3.871,31.029,24.3,1.891
3779226,3.822,3.859,3.816,3.849,3.904,3.991,3.902,3.903,31.046,24.2,1.890
3794304,3.822,3.859,3.816,3.849,3.886,3.991,3.934,3.871,31.028,24.3,1.873
3809382,3.822,3.859,3.816,3.849,3.886,3.991,3.934,3.871,31.028,24.3,1.884
3824460,3.822,3.859,3.831,3.852,3.914,3.992,3.938,3.877,31.085,24.4,1.891
3839548,3.827,3.855,3.831,3.852,3.914,3.992,3.906,3.910,31.087,24.4,1.878
3854636,3.827,3.863,3.822,3.852,3.886,4.020,3.938,3.877,31.085,24.5,1.891
3869714,3.827,3.872,3.813,3.852,3.914,3.992,3.938,3.916,31.124,24.5,1.870
3884802,3.827,3.872,3.827,3.856,3.896,3.992,3.938,3.916,31.124,24.4,1.903
3899880,3.827,3.863,3.836,3.856,3.896,4.021,3.910,3.877,31.086,24.4,1.868
3914958,3.827,3.872,3.813,3.870,3.896,4.021,3.943,3.883,31.125,24.4,1.879
3930036,3.832,3.867,3.827,3.856,3.905,3.993,3.910,3.916,31.106,24.3,1.898
3945114,3.832,3.876,3.833,3.859,3.878,4.021,3.943,3.922,31.164,24.4,1.891
3960192,3.832,3.876,3.819,3.874,3.905,4.022,3.882,3.955,31.165,24.4,1.878
3975280,3.832,3.876,3.833,3.823,3.905,4.022,3.914,3.922,31.127,24.5,1.894
3990368,3.837,3.862,3.842,3.859,3.905,4.022,3.947,3.890,31.164,24.5,1.910
4005446,3.837,3.871,3.833,3.859,3.915,3.994,3.947,3.890,31.146,24.4,1.864
4020524,3.837,3.871,3.833,3.859,3.915,3.994,3.947,3.929,31.185,24.6,1.888
4035612,3.842,3.866,3.848,3.862,3.915,4.023,3.918,3.929,31.203,24.7,1.890
4050700,3.837,3.880,3.839,3.862,3.897,4.023,3.918,3.929,31.185,24.7,1.881
4065778,3.842,3.884,3.816,3.877,3.897,4.023,3.918,3.929,31.186,24.7,1.863
4080866,3.842,3.875,3.839,3.862,3.897,4.023,3.951,3.896,31.185,24.6,1.886
4095954,3.842,3.884,3.845,3.866,3.897,4.051,3.922,3.935,31.242,24.5,1.891
4111042,3.842,3.884,3.845,3.866,3.907,4.024,3.922,3.935,31.225,24.4,1.917
4126120,3.847,3.879,3.845,3.884,3.907,4.024,3.955,3.903,31.244,24.5,1.875
4141198,3.847,3.888,3.850,3.869,3.934,4.025,3.926,3.941,31.280,24.6,1.895
4156273,3.851,3.883,3.850,3.851,3.934,4.025,3.926,3.941,31.261,24.6,1.873
4171346,3.851,3.892,3.841,3.869,3.889,4.052,3.926,3.941,31.261,24.6,1.882
4186418,3.851,3.883,3.850,3.869,3.934,4.025,3.959,3.909,31.280,24.7,1.863
4201513,3.851,3.892,3.841,3.887,3.916,4.053,3.930,3.948,31.318,24.7,1.867
4216604,3.856,3.896,3.847,3.872,3.926,4.026,3.963,3.915,31.301,24.6,1.873
4231684,3.851,3.892,3.856,3.872,3.916,4.053,3.963,3.915,31.318,24.6,1.893
4246766,3.851,3.901,3.847,3.890,3.926,4.026,3.963,3.915,31.319,24.7,1.880
4261847,3.856,3.896,3.862,3.876,3.926,4.026,3.963,3.915,31.320,24.7,1.865
4276938,3.861,3.900,3.838,3.890,3.926,4.054,3.935,3.954,31.358,24.6,1.889
4292017,3.856,3.896,3.862,3.876,3.935,4.027,3.935,3.915,31.302,24.6,1.866
4307099,3.856,3.905,3.853,3.894,3.935,4.027,3.967,3.922,31.359,24.8,1.874
4322180,3.861,3.900,3.867,3.879,3.935,4.055,3.939,3.922,31.358,24.9,1.902
4337268,3.861,3.900,3.867,3.879,3.935,4.055,3.939,3.922,31.358,24.8,1.876
4352349,3.866,3.904,3.859,3.879,3.935,4.055,3.939,3.960,31.397,24.9,1.873
4367420,3.866,3.904,3.859,3.879,3.945,4.028,3.939,3.960,31.380,24.8,1.884
4382492,3.866,3.904,3.873,3.882,3.945,4.056,3.943,3.928,31.397,24.7,1.871
4397563,3.871,3.908,3.864,3.882,3.945,4.056,3.943,3.928,31.397,24.6,1.870
4412656,3.871,3.908,3.864,3.882,3.927,4.056,3.943,3.928,31.379,24.7,1.909
4427738,3.871,3.908,3.864,3.882,3.927,4.056,3.943,3.967,31.418,24.7,1.866
4442820,3.871,3.917,3.855,3.900,3.927,4.056,3.943,3.967,31.436,24.7,1.875
4457901,3.871,3.908,3.879,3.886,3.954,4.029,3.943,3.967,31.437,24.7,1.890
4472982,3.876,3.912,3.870,3.886,3.954,4.057,3.947,3.934,31.436,24.6,1.889
4488064,3.876,3.912,3.870,3.904,3.936,4.057,3.947,3.973,31.475,24.7,1.865
4503145,3.876,3.920,3.861,3.904,3.936,4.057,3.947,3.973,31.474,24.9,1.884
4518226,3.881,3.907,3.870,3.904,3.964,4.030,3.947,3.973,31.476,24.9,1.875
4533317,3.881,3.916,3.876,3.889,3.964,4.058,3.951,3.941,31.476,24.8,1.898
4548400,3.881,3.916,3.876,3.907,3.964,4.058,3.951,3.941,31.494,24.9,1.878
4563481,3.881,3.924,3.867,3.907,3.946,4.058,3.951,3.979,31.513,24.9,1.870
4578562,3.881,3.924,3.867,3.907,3.946,4.058,3.984,3.947,31.514,24.9,1.866
4593643,3.886,3.920,3.881,3.892,3.955,4.031,3.984,3.947,31.496,24.8,1.863
4608723,3.886,3.920,3.881,3.910,3.955,4.059,3.955,3.947,31.513,25.1,1.877
4623806,3.886,3.920,3.896,3.896,3.955,4.059,3.955,3.947,31.514,24.9,1.891
4638887,3.886,3.920,3.881,3.892,3.955,4.059,3.955,3.986,31.534,24.9,1.901
4653979,3.891,3.923,3.887,3.896,3.937,4.059,3.988,3.914,31.495,24.9,1.870
4669060,3.891,3.923,3.887,3.914,3.937,4.059,3.988,3.953,31.552,24.8,1.898
4684141,3.891,3.932,3.878,3.914,3.965,4.060,3.959,3.953,31.552,24.7,1.905
4699222,3.895,3.927,3.893,3.899,3.937,4.088,3.959,3.953,31.551,25.0,1.884
4714303,3.891,3.932,3.893,3.899,3.947,4.060,3.959,3.992,31.573,25.0,1.870
4729384,3.895,3.927,3.878,3.931,3.965,4.089,3.963,3.960,31.608,25.0,1.892
4744465,3.895,3.936,3.884,3.917,3.974,4.061,3.963,3.960,31.590,24.9,1.884
4759547,3.900,3.931,3.884,3.917,3.974,4.061,3.963,3.960,31.590,25.1,1.882
4774628,3.900,3.940,3.890,3.902,3.957,4.061,3.963,3.960,31.573,25.1,1.866
4789708,3.900,3.940,3.890,3.920,3.957,4.090,3.967,3.966,31.630,24.8,1.873
4804800,3.905,3.935,3.890,3.920,3.984,4.062,3.935,3.999,31.630,24.8,1.885
4819882,3.900,3.940,3.904,3.906,3.984,4.062,3.967,3.966,31.629,24.9,1.854
4834964,3.905,3.935,3.890,3.938,3.966,4.062,4.000,3.933,31.629,24.9,1.891
4850045,3.905,3.944,3.895,3.924,3.966,4.062,4.000,3.972,31.668,25.1,1.890
4865126,3.905,3.944,3.910,3.909,3.966,4.062,4.000,3.972,31.668,25.2,1.888
4880207,3.910,3.939,3.910,3.927,3.976,4.063,3.971,3.972,31.668,25.1,1.907
4895289,3.910,3.939,3.910,3.909,3.976,4.063,3.971,3.972,31.650,25.2,1.870
4910369,3.910,3.948,3.901,3.927,3.976,4.063,4.004,3.940,31.669,25.2,1.889
4925451,3.915,3.952,3.907,3.912,3.958,4.092,3.976,3.979,31.691,25.2,1.888
4940532,3.915,3.952,3.907,3.912,3.958,4.092,3.943,4.011,31.690,25.2,1.866
4955611,3.915,3.952,3.907,3.930,3.985,4.064,3.976,3.979,31.708,25.2,1.890
4970695,3.915,3.952,3.907,3.930,3.985,4.064,3.976,3.979,31.708,25.3,1.882
4985778,3.915,3.952,3.921,3.916,3.985,4.064,4.008,3.985,31.746,25.1,1.878
5000859,3.920,3.956,3.913,3.916,3.967,4.093,3.980,3.985,31.730,25.2,1.874
5015936,3.920,3.956,3.913,3.934,3.995,4.065,3.980,3.985,31.748,25.2,1.892
5031020,3.920,3.956,3.913,3.934,3.995,4.065,3.980,4.024,31.787,25.0,1.897
5046101,3.925,3.960,3.918,3.919,3.967,4.121,3.984,3.953,31.747,25.2,1.919
5061174,3.920,3.965,3.918,3.937,3.977,4.094,3.984,3.991,31.786,25.2,1.885
5076265,3.925,3.969,3.909,3.937,3.977,4.094,3.984,3.991,31.786,25.2,1.887
5091346,3.925,3.969,3.909,3.937,4.004,4.095,3.988,3.959,31.786,25.2,1.875
5106418,3.925,3.960,3.933,3.922,3.986,4.095,3.955,3.991,31.767,25.2,1.868
5121490,3.925,3.969,3.924,3.940,4.004,4.095,3.988,3.998,31.843,25.0,1.886
5136490,3.930,3.964,3.924,3.940,3.986,4.095,3.988,3.998,31.825,25.2,1.902
5151506,3.930,3.973,3.915,3.922,3.986,4.095,4.020,3.965,31.806,25.2,1.876
5166588,3.935,3.968,3.930,3.926,4.014,4.067,4.020,3.965,31.825,25.2,1.890
5181680,3.930,3.973,3.930,3.944,3.968,4.123,3.992,4.004,31.864,25.2,1.889
5196762,3.930,3.973,3.930,3.944,3.996,4.096,3.992,4.004,31.865,25.2,1.878
5211843,3.935,3.977,3.921,3.961,3.978,4.124,3.996,3.972,31.864,25.2,1.906
5226921,3.935,3.985,3.912,3.961,4.023,4.068,4.024,3.972,31.880,25.3,1.899
5242001,3.939,3.981,3.927,3.947,4.005,4.097,3.996,3.972,31.864,25.2,1.888
5257084,3.939,3.981,3.927,3.947,3.978,4.124,3.996,4.010,31.902,25.3,1.876
5272153,3.939,3.989,3.932,3.950,3.987,4.097,3.996,4.010,31.900,25.4,1.914
5287239,3.939,3.989,3.932,3.950,3.987,4.097,3.996,4.010,31.900,25.4,1.889
5302319,3.944,3.984,3.932,3.950,3.987,4.125,4.000,3.978,31.900,25.3,1.882
5317401,3.944,3.984,3.918,3.965,4.015,4.069,4.029,4.017,31.941,25.4,1.887
5332482,3.949,3.988,3.923,3.950,4.015,4.098,4.000,4.017,31.940,25.2,1.877
5347565,3.944,3.993,3.938,3.954,3.997,4.098,4.000,3.978,31.902,25.2,1.886
5362646,3.949,3.988,3.938,3.954,3.997,4.126,4.004,3.984,31.940,25.1,1.900
5377727,3.944,4.002,3.929,3.954,4.007,4.099,4.004,4.023,31.962,25.2,1.913
5392810,3.949,3.988,3.952,3.939,4.007,4.099,4.004,4.023,31.961,25.2,1.897
5407879,3.954,3.992,3.944,3.957,3.989,4.127,4.008,3.991,31.962,25.3,1.908
5422962,3.954,3.992,3.944,3.957,3.989,4.127,4.008,3.991,31.962,25.4,1.894
5438043,3.954,4.001,3.935,3.957,3.989,4.127,4.008,4.030,32.001,25.5,1.885
5453112,3.954,4.001,3.935,3.975,3.989,4.127,4.008,3.991,31.980,25.4,1.882
5468184,3.959,3.996,3.949,3.960,4.016,4.100,4.041,3.997,32.018,25.3,1.894
5483269,3.959,4.005,3.941,3.960,3.998,4.128,3.980,4.030,32.001,25.3,1.890
5498351,3.959,4.005,3.941,3.960,3.998,4.128,4.012,3.997,32.000,25.2,1.909
5513431,3.959,4.005,3.941,3.978,3.998,4.128,4.012,4.036,32.057,25.4,1.882
5528513,3.964,4.009,3.946,3.964,4.026,4.101,4.012,4.036,32.058,25.5,1.904
5543595,3.964,4.000,3.955,3.964,4.008,4.101,4.045,4.003,32.040,25.3,1.883
5558677,3.964,4.000,3.955,3.964,4.008,4.129,4.017,4.003,32.040,25.2,1.858
5573759,3.964,4.009,3.946,3.964,4.035,4.102,4.017,4.003,32.040,25.4,1.879
5588839,3.983,4.016,3.978,3.977,4.046,4.133,4.033,4.029,32.195,25.5,1.911
5603921,3.978,4.021,3.963,3.991,4.018,4.132,4.029,4.061,32.193,25.5,1.900
5619003,3.983,4.025,3.969,3.977,4.018,4.132,4.061,4.029,32.194,25.4,1.866
5634084,3.983,4.025,3.969,3.977,4.046,4.133,4.033,4.029,32.195,25.5,1.887
5649153,3.983,4.025,3.969,3.977,4.046,4.133,4.033,4.029,32.195,25.3,1.894
5664237,3.988,4.020,3.969,3.995,4.055,4.106,4.033,4.068,32.234,25.4,1.886
5679319,3.988,4.020,3.969,3.995,4.028,4.133,4.065,4.035,32.233,25.4,1.886
5694389,3.988,4.029,3.975,3.962,4.028,4.133,4.065,4.035,32.215,25.3,1.897
5709473,3.988,4.020,3.969,3.995,4.028,4.133,4.065,4.035,32.233,25.3,1.902
5724554,3.988,4.020,3.984,3.980,4.055,4.106,4.033,4.068,32.234,25.2,1.894
5739636,3.988,4.029,3.975,3.980,4.028,4.162,4.037,4.035,32.234,25.4,1.885
5754718,3.988,4.020,3.984,3.998,4.037,4.134,4.037,4.035,32.233,25.5,1.892
5769800,3.988,4.029,3.975,3.980,4.037,4.134,4.037,4.035,32.215,25.5,1.897
5784881,3.993,4.033,3.980,3.966,4.037,4.134,4.037,4.074,32.254,25.4,1.890
5799963,3.993,4.033,3.980,4.001,4.047,4.135,4.041,4.041,32.271,25.3,1.880
5815032,3.998,4.028,3.980,4.001,4.037,4.163,4.041,4.041,32.289,25.4,1.900
5830116,3.998,4.037,3.972,4.001,4.047,4.135,4.041,4.041,32.272,25.5,1.880
5845185,3.998,4.037,3.986,3.987,4.047,4.135,4.074,4.048,32.312,25.4,1.926
5860271,3.998,4.046,3.977,3.987,4.029,4.164,4.045,4.048,32.294,25.3,1.878
5875352,3.998,4.046,3.977,4.005,4.029,4.164,4.045,4.048,32.312,25.5,1.890
5890433,4.003,4.041,3.977,4.005,4.074,4.136,4.045,4.048,32.329,25.5,1.883
5905514,4.003,4.041,3.977,4.005,4.057,4.136,4.045,4.048,32.312,25.6,1.906
5920602,4.003,4.041,3.992,3.990,4.057,4.136,4.045,4.087,32.351,25.6,1.889
5935683,4.008,4.045,3.983,3.990,4.039,4.165,4.049,4.054,32.333,25.5,1.892
5950764,4.003,4.049,3.983,4.008,4.066,4.109,4.078,4.054,32.350,25.6,1.883
5965845,4.008,4.045,3.998,3.994,4.021,4.165,4.049,4.093,32.373,25.5,1.876
5980926,4.008,4.045,3.998,3.994,4.048,4.138,4.082,4.022,32.335,25.5,1.892
5996007,4.008,4.053,3.989,4.011,4.048,4.166,4.021,4.093,32.389,25.5,1.900
6011095,4.013,4.048,3.989,4.011,4.048,4.166,4.053,4.061,32.389,25.5,1.868
6026179,4.013,4.048,4.003,3.997,4.058,4.139,4.086,4.028,32.372,25.5,1.873
6041260,4.013,4.048,4.003,3.997,4.058,4.167,4.025,4.061,32.372,25.5,1.903
6056341,4.018,4.052,3.994,4.015,4.058,4.167,4.058,4.067,32.429,25.5,1.894
6071423,4.013,4.057,4.009,4.000,4.058,4.167,4.058,4.067,32.429,25.6,1.887
6086504,4.018,4.061,4.000,4.000,4.085,4.140,4.058,4.067,32.429,25.6,1.866
6101585,4.018,4.052,3.994,4.033,4.085,4.168,4.062,4.073,32.485,25.5,1.861
6116666,4.022,4.056,4.000,4.018,4.058,4.195,4.062,4.034,32.445,25.4,1.901
6131748,4.022,4.056,4.000,4.018,4.067,4.168,4.062,4.034,32.427,25.5,1.889
6146817,4.022,4.065,4.006,4.004,4.095,4.169,4.033,4.073,32.467,25.5,1.884
6161901,4.027,4.060,4.006,4.021,4.077,4.169,4.066,4.041,32.467,25.5,1.912
6176982,4.027,4.060,4.006,4.021,4.077,4.141,4.094,4.041,32.467,25.5,1.876
6192064,4.027,4.060,4.020,4.007,4.077,4.169,4.066,4.080,32.506,25.6,1.873
6207145,4.027,4.069,4.012,4.007,4.077,4.169,4.066,4.080,32.507,25.5,1.885
6222226,4.027,4.069,4.012,4.025,4.077,4.169,4.066,4.080,32.525,25.6,1.873
6237307,4.027,4.069,4.012,4.007,4.059,4.197,4.070,4.047,32.488,25.7,1.908
6252532,4.032,4.073,4.003,4.025,4.086,4.170,4.070,4.086,32.545,25.6,1.913
6267537,4.032,4.073,4.003,4.025,4.068,4.170,4.070,4.086,32.527,25.5,1.904
6282544,4.037,4.068,4.017,4.028,4.068,4.170,4.070,4.086,32.544,25.6,1.914
6297613,4.037,4.077,4.008,4.028,4.096,4.143,4.102,4.053,32.544,25.7,1.896
6312684,4.037,4.068,4.017,4.010,4.096,4.171,4.074,4.053,32.526,25.5,1.878
6327782,4.037,4.077,4.008,4.046,4.078,4.171,4.074,4.092,32.583,25.6,1.878
6342863,4.042,4.081,4.014,4.031,4.078,4.199,4.046,4.092,32.583,25.7,1.897
6357946,4.042,4.081,4.014,4.031,4.078,4.171,4.106,4.099,32.622,25.8,1.858
6373028,4.042,4.081,4.014,4.031,4.078,4.199,4.046,4.092,32.583,25.8,1.884
6388108,4.042,4.081,4.029,4.035,4.087,4.172,4.078,4.099,32.623,25.8,1.895
6403192,4.047,4.085,4.020,4.035,4.087,4.200,4.082,4.066,32.622,25.8,1.903
6418257,4.042,4.090,4.020,4.035,4.087,4.200,4.082,4.066,32.622,25.6,1.889
6433343,4.047,4.085,4.020,4.053,4.087,4.200,4.082,4.066,32.640,25.8,1.891
6448425,4.047,4.085,4.034,4.038,4.070,4.200,4.082,4.066,32.622,25.8,1.888
6463517,4.052,4.089,4.011,4.053,4.070,4.200,4.082,4.066,32.623,25.6,1.904
6478598,4.052,4.089,4.026,4.038,4.097,4.201,4.086,4.072,32.661,25.8,1.884
6493679,4.052,4.089,4.040,4.023,4.097,4.201,4.086,4.072,32.660,25.7,1.890
6508771,4.052,4.098,4.031,4.041,4.107,4.174,4.086,4.072,32.661,25.9,1.876
6523852,4.057,4.093,4.031,4.041,4.107,4.174,4.086,4.111,32.700,25.7,1.886
6538933,4.057,4.093,4.031,4.041,4.107,4.202,4.090,4.079,32.700,25.8,1.896
6554025,4.057,4.102,4.022,4.059,4.089,4.202,4.090,4.079,32.700,25.8,1.918
6569106,4.062,4.097,4.022,4.059,4.134,4.175,4.090,4.079,32.718,25.8,1.886
6584188,4.062,4.097,4.022,4.059,4.098,4.175,4.090,4.118,32.721,25.8,1.898
6599280,4.062,4.106,4.028,4.045,4.116,4.204,4.062,4.118,32.741,25.8,1.878
6614360,4.062,4.106,4.043,4.048,4.098,4.204,4.094,4.085,32.740,25.9,1.887
6629441,4.066,4.101,4.043,4.048,4.098,4.204,4.094,4.085,32.739,25.9,1.866
6644517,4.066,4.110,4.034,4.048,4.126,4.205,4.066,4.085,32.740,25.9,1.878
6659604,4.066,4.110,4.034,4.066,4.108,4.205,4.066,4.124,32.779,25.8,1.911
6674696,4.071,4.105,4.048,4.051,4.108,4.205,4.099,4.092,32.779,25.8,1.876
6689778,4.071,4.105,4.048,4.051,4.090,4.205,4.099,4.092,32.761,25.9,1.899
6704860,4.071,4.113,4.040,4.051,4.108,4.205,4.099,4.092,32.779,25.9,1.907
6719931,4.076,4.109,4.040,4.051,4.117,4.206,4.070,4.130,32.799,25.8,1.888
6735020,4.076,4.109,4.054,4.055,4.117,4.206,4.103,4.098,32.818,25.9,1.877
6750091,4.076,4.117,4.045,4.055,4.117,4.206,4.103,4.098,32.817,25.6,1.893
6765162,4.081,4.113,4.045,4.055,4.117,4.206,4.103,4.098,32.818,25.9,1.899
6780234,4.081,4.113,4.045,4.055,4.099,4.234,4.074,4.137,32.838,25.8,1.875
6795305,4.081,4.121,4.036,4.073,4.127,4.207,4.107,4.104,32.856,25.9,1.904
6810377,4.081,4.121,4.051,4.058,4.127,4.207,4.107,4.104,32.856,25.9,1.893
6825448,4.081,4.121,4.051,4.058,4.127,4.207,4.107,4.104,32.856,25.8,1.867
6840541,4.086,4.116,4.051,4.076,4.136,4.208,4.078,4.104,32.855,25.9,1.885
6855622,4.086,4.125,4.057,4.043,4.136,4.208,4.078,4.143,32.876,25.9,1.866
6870703,4.091,4.120,4.042,4.076,4.136,4.208,4.111,4.111,32.895,25.9,1.870
6885795,4.091,4.120,4.057,4.079,4.136,4.236,4.050,4.143,32.912,25.9,1.852
6900876,4.096,4.124,4.062,4.065,4.118,4.236,4.082,4.111,32.894,26.0,1.849
6915967,4.096,4.124,4.062,4.065,4.146,4.209,4.115,4.078,32.895,26.0,1.885
6931060,4.096,4.124,4.048,4.079,4.118,4.236,4.115,4.117,32.933,25.9,1.895
6946140,4.096,4.124,4.062,4.083,4.128,4.237,4.086,4.117,32.933,25.9,1.858
6961221,4.101,4.128,4.068,4.068,4.128,4.237,4.086,4.117,32.933,25.9,1.880
6976312,4.101,4.128,4.068,4.068,4.155,4.210,4.119,4.084,32.933,25.9,1.888
6991393,4.101,4.128,4.068,4.068,4.155,4.210,4.086,4.156,32.972,26.0,1.910
7006475,4.106,4.132,4.074,4.071,4.137,4.210,4.119,4.123,32.972,26.1,1.880
7021555,4.106,4.132,4.074,4.089,4.147,4.211,4.123,4.091,32.973,26.1,1.887
7036637,4.106,4.141,4.065,4.089,4.147,4.211,4.123,4.130,33.012,26.0,1.884
7051718,4.110,4.136,4.065,4.089,4.147,4.239,4.095,4.130,33.011,26.1,1.865
7066799,4.106,4.141,4.065,4.089,4.147,4.239,4.095,4.130,33.012,26.0,1.870
7081892,4.110,4.136,4.080,4.075,4.129,4.239,4.095,4.130,32.994,25.9,1.889
7096974,4.115,4.140,4.071,4.093,4.157,4.212,4.127,4.136,33.051,25.9,1.907
7112055,4.115,4.140,4.071,4.093,4.157,4.212,4.127,4.136,33.051,26.0,1.888
7127135,4.115,4.140,4.085,4.078,4.139,4.240,4.099,4.136,33.032,25.9,1.877
7142219,4.115,4.149,4.076,4.096,4.139,4.240,4.131,4.103,33.049,25.9,1.874
7157299,4.120,4.144,4.076,4.096,4.166,4.213,4.131,4.103,33.049,25.9,1.895
7172381,4.120,4.144,4.091,4.081,4.166,4.241,4.103,4.142,33.088,26.0,1.890
7187462,4.120,4.153,4.082,4.081,4.166,4.241,4.103,4.142,33.088,26.1,1.876
7202544,4.120,4.153,4.082,4.099,4.148,4.241,4.103,4.142,33.088,26.0,1.889
7217625,4.125,4.148,4.082,4.099,4.130,4.241,4.135,4.110,33.070,25.9,1.904
7232705,4.125,4.157,4.088,4.085,4.158,4.242,4.107,4.110,33.072,26.0,1.857
7247797,4.125,4.157,4.088,4.103,4.158,4.242,4.107,4.149,33.129,26.0,1.898
7262878,4.125,4.157,4.088,4.103,4.158,4.242,4.140,4.116,33.129,26.0,1.902
7277960,4.130,4.161,4.079,4.103,4.158,4.242,4.140,4.116,33.129,26.1,1.881
7293051,4.130,4.161,4.079,4.103,4.167,4.215,4.140,4.116,33.111,25.9,1.886
7308132,4.135,4.156,4.094,4.088,4.140,4.271,4.111,4.116,33.111,25.9,1.879
7323214,4.130,4.170,4.085,4.106,4.167,4.243,4.144,4.084,33.129,26.0,1.880
7338296,4.135,4.165,4.085,4.106,4.167,4.243,4.144,4.122,33.167,26.0,1.884
7353378,4.135,4.165,4.099,4.091,4.149,4.243,4.111,4.155,33.148,25.9,1.871
7368459,4.140,4.169,4.090,4.109,4.149,4.243,4.144,4.122,33.166,26.0,1.935
7383540,4.135,4.165,4.099,4.109,4.159,4.244,4.148,4.090,33.149,26.1,1.886
7398610,4.140,4.169,4.105,4.113,4.159,4.273,4.119,4.129,33.207,26.2,1.901
7413682,4.145,4.173,4.111,4.116,4.178,4.246,4.156,4.142,33.267,26.3,1.869
7428753,4.145,4.181,4.102,4.116,4.168,4.274,4.123,4.135,33.244,26.3,1.887
7443825,4.150,4.177,4.102,4.116,4.178,4.246,4.156,4.142,33.267,26.3,1.886
7458897,4.150,4.177,4.102,4.134,4.178,4.246,4.156,4.142,33.285,26.1,1.870
7473982,4.145,4.181,4.102,4.134,4.178,4.246,4.156,4.142,33.284,26.3,1.887
7489054,4.150,4.185,4.108,4.119,4.160,4.275,4.127,4.142,33.266,26.3,1.880
7504126,4.150,4.185,4.108,4.119,4.178,4.275,4.127,4.180,33.322,26.2,1.882
7519129,4.150,4.185,4.122,4.123,4.187,4.247,4.160,4.148,33.322,26.3,1.916
7534146,4.159,4.184,4.128,4.126,4.197,4.248,4.164,4.154,33.360,26.3,1.883
7549227,4.159,4.184,4.128,4.126,4.197,4.277,4.136,4.154,33.361,26.2,1.871
7564308,4.159,4.193,4.119,4.126,4.197,4.277,4.136,4.154,33.361,26.3,1.906
7579389,4.159,4.193,4.119,4.126,4.179,4.277,4.136,4.154,33.343,26.3,1.876
7594470,4.164,4.197,4.110,4.144,4.179,4.277,4.168,4.161,33.400,26.2,1.890
7609551,4.159,4.202,4.110,4.144,4.179,4.277,4.168,4.161,33.400,26.2,1.888
7624632,4.164,4.197,4.125,4.129,4.189,4.278,4.140,4.161,33.383,26.3,1.845
7639714,4.164,4.197,4.125,4.129,4.189,4.278,4.140,4.161,33.383,26.3,1.887
7654795,4.169,4.201,4.116,4.147,4.189,4.278,4.172,4.128,33.400,26.3,1.880
7669875,4.169,4.201,4.130,4.132,4.171,4.278,4.172,4.167,33.420,26.3,1.875
7684945,4.169,4.201,4.130,4.132,4.171,4.306,4.144,4.167,33.420,26.4,1.864
7700030,4.174,4.205,4.122,4.150,4.198,4.250,4.172,4.167,33.438,26.4,1.873
7715110,4.174,4.205,4.122,4.150,4.198,4.279,4.144,4.167,33.439,26.4,1.873
7730191,4.174,4.205,4.136,4.136,4.198,4.279,4.144,4.167,33.439,26.2,1.882
7745273,4.174,4.205,4.136,4.136,4.198,4.307,4.148,4.173,33.477,26.3,1.868
7760344,4.174,4.214,4.127,4.136,4.208,4.280,4.148,4.173,33.460,26.2,1.878
7775416,4.179,4.200,4.151,4.139,4.180,4.307,4.148,4.173,33.477,26.3,1.889
7790500,4.179,4.218,4.133,4.139,4.208,4.280,4.148,4.212,33.517,26.4,1.897
7805582,4.179,4.218,4.133,4.139,4.190,4.280,4.180,4.180,33.499,26.4,1.878
7820664,4.184,4.213,4.133,4.139,4.190,4.308,4.152,4.141,33.460,26.3,1.886
7835733,4.184,4.213,4.147,4.142,4.217,4.281,4.185,4.147,33.516,26.3,1.883
7850805,4.184,4.222,4.139,4.142,4.199,4.281,4.185,4.147,33.499,26.2,1.899
7865889,4.184,4.213,4.147,4.142,4.227,4.282,4.156,4.186,33.537,26.2,1.875
7880969,4.184,4.222,4.139,4.142,4.217,4.281,4.185,4.186,33.556,26.3,1.871
7896052,4.184,4.222,4.139,4.142,4.199,4.281,4.185,4.147,33.499,26.4,1.886
7911133,4.189,4.226,4.130,4.160,4.209,4.282,4.189,4.153,33.538,26.4,1.884
7926215,4.189,4.226,4.144,4.146,4.209,4.282,4.189,4.153,33.538,26.5,1.886
7941296,4.194,4.212,4.153,4.164,4.209,4.310,4.160,4.153,33.555,26.5,1.894
7956372,4.194,4.230,4.136,4.164,4.209,4.310,4.160,4.192,33.595,26.4,1.877
7971456,4.194,4.221,4.159,4.149,4.209,4.310,4.160,4.192,33.594,26.4,1.909
7986537,4.198,4.234,4.141,4.167,4.218,4.311,4.164,4.199,33.632,26.5,1.883
8001629,4.198,4.225,4.150,4.149,4.218,4.311,4.164,4.199,33.614,26.5,1.889
8016704,4.203,4.229,4.156,4.152,4.201,4.311,4.164,4.199,33.615,26.5,1.887
8031787,4.203,4.229,4.156,4.152,4.228,4.312,4.168,4.166,33.614,26.4,1.867
8046869,4.203,4.229,4.156,4.152,4.228,4.312,4.168,4.166,33.614,26.3,1.900
8061951,4.203,4.238,4.147,4.152,4.228,4.312,4.168,4.166,33.614,26.4,1.884
8077032,4.203,4.238,4.147,4.170,4.228,4.312,4.168,4.205,33.671,26.4,1.906
8092114,4.208,4.233,4.161,4.174,4.237,4.313,4.173,4.211,33.710,26.6,1.852
8107196,4.208,4.233,4.161,4.156,4.228,4.312,4.168,4.205,33.671,26.5,1.862
8122265,4.203,4.238,4.161,4.156,4.228,4.312,4.168,4.166,33.632,26.5,1.834
8137349,4.208,4.233,4.147,4.170,4.228,4.312,4.168,4.205,33.671,26.4,1.781
8152431,4.208,4.233,4.161,4.156,4.228,4.312,4.168,4.205,33.671,26.3,1.778
8167513,4.208,4.233,4.161,4.156,4.255,4.285,4.168,4.205,33.671,26.5,1.781
8182582,4.203,4.238,4.161,4.156,4.228,4.312,4.168,4.205,33.671,26.4,1.736
8197653,4.208,4.233,4.161,4.156,4.228,4.312,4.168,4.166,33.632,26.4,1.759
8212726,4.203,4.238,4.147,4.152,4.246,4.284,4.197,4.166,33.633,26.6,1.724
8227797,4.203,4.238,4.147,4.170,4.246,4.284,4.164,4.199,33.651,26.6,1.740
8242868,4.203,4.229,4.141,4.167,4.218,4.311,4.164,4.160,33.593,26.4,1.717
8257940,4.203,4.229,4.156,4.152,4.218,4.311,4.164,4.199,33.632,26.6,1.679
8273025,4.203,4.238,4.147,4.152,4.246,4.284,4.164,4.199,33.633,26.7,1.699
8288106,4.208,4.233,4.132,4.167,4.218,4.340,4.136,4.199,33.633,26.7,1.623
8303187,4.203,4.238,4.147,4.152,4.218,4.311,4.164,4.199,33.632,26.6,1.633
8318268,4.135,4.156,4.079,4.085,4.155,4.210,4.086,4.117,33.023,26.6,-0.132
8333349,4.130,4.143,4.082,4.081,4.146,4.209,4.082,4.111,32.984,26.6,-0.116
8348431,4.120,4.144,4.062,4.093,4.136,4.208,4.078,4.104,32.945,26.6,-0.087
8363513,4.120,4.135,4.071,4.075,4.127,4.207,4.074,4.098,32.907,26.5,-0.132
8378594,4.115,4.131,4.080,4.057,4.145,4.178,4.070,4.130,32.906,26.6,-0.130
8393675,4.110,4.136,4.065,4.071,4.135,4.206,4.038,4.124,32.885,26.6,-0.088
8408756,4.110,4.127,4.059,4.068,4.135,4.177,4.033,4.118,32.827,26.6,-0.106
8423838,4.106,4.132,4.059,4.086,4.108,4.176,4.094,4.085,32.846,26.6,-0.112
8438906,4.110,4.119,4.068,4.068,4.135,4.177,4.066,4.085,32.828,26.5,-0.095
8453978,4.106,4.132,4.045,4.083,4.126,4.205,4.033,4.118,32.848,26.4,-0.126
8469075,4.106,4.123,4.054,4.065,4.126,4.176,4.062,4.079,32.791,26.4,-0.097
8484158,4.101,4.137,4.045,4.083,4.126,4.176,4.062,4.079,32.809,26.5,-0.119
8499250,4.101,4.119,4.062,4.065,4.098,4.204,4.029,4.111,32.789,26.4,-0.120
8514333,4.101,4.128,4.054,4.065,4.116,4.204,4.029,4.111,32.808,26.4,-0.124
8529424,4.101,4.119,4.048,4.079,4.134,4.175,4.058,4.111,32.825,26.3,-0.093
8544516,4.101,4.128,4.054,4.065,4.116,4.204,4.029,4.111,32.808,26.3,-0.108
8559607,4.101,4.119,4.048,4.079,4.116,4.175,4.058,4.111,32.807,26.3,-0.110
8574698,4.101,4.111,4.057,4.061,4.116,4.175,4.025,4.105,32.751,26.3,-0.088
8589789,4.096,4.124,4.048,4.061,4.134,4.175,4.025,4.105,32.768,26.3,0.000
8604870,4.096,4.124,4.033,4.076,4.107,4.174,4.021,4.138,32.769,26.3,-0.105
8619958,4.096,4.116,4.057,4.061,4.107,4.174,4.054,4.105,32.770,26.2,-0.101
8635049,4.096,4.116,4.042,4.058,4.107,4.174,4.054,4.066,32.713,26.2,-0.112
8650130,4.086,4.125,4.042,4.076,4.107,4.174,4.054,4.105,32.769,26.2,-0.076
8665211,4.096,4.116,4.042,4.076,4.107,4.174,4.021,4.099,32.731,26.2,-0.104
8680302,4.096,4.116,4.042,4.058,4.107,4.174,4.021,4.099,32.713,26.1,-0.116
8695367,4.096,4.116,4.042,4.058,4.124,4.174,4.021,4.099,32.730,26.1,-0.087
8710455,4.096,4.116,4.042,4.058,4.124,4.174,4.021,4.099,32.730,26.1,-0.111
8725533,4.096,4.116,4.042,4.058,4.107,4.174,4.021,4.099,32.713,26.1,0.000
8740611,4.101,4.111,4.057,4.061,4.134,4.175,4.025,4.105,32.769,26.1,-0.134
8755682,4.101,4.119,4.048,4.061,4.089,4.202,4.025,4.105,32.750,26.1,-0.103
8770753,4.096,4.124,4.048,4.061,4.134,4.175,4.025,4.105,32.768,26.1,0.000
8785845,4.096,4.124,4.048,4.061,4.134,4.175,4.025,4.105,32.768,26.0,-0.087
8800936,4.101,4.119,4.048,4.061,4.107,4.202,4.025,4.105,32.768,26.0,0.000
8816017,4.096,4.124,4.048,4.061,4.107,4.202,4.025,4.105,32.768,26.0,-0.125
8831094,4.101,4.119,4.048,4.061,4.134,4.175,3.993,4.138,32.769,25.9,-0.126
8846173,4.096,4.116,4.042,4.058,4.107,4.174,4.054,4.105,32.752,26.0,-0.121
8861244,4.096,4.116,4.042,4.058,4.107,4.174,4.054,4.105,32.752,25.9,-0.090
8876315,4.096,4.107,4.051,4.058,4.107,4.174,4.021,4.138,32.752,25.9,-0.119
8891403,4.096,4.116,4.042,4.058,4.107,4.174,4.021,4.138,32.752,25.9,-0.107
8906474,4.091,4.120,4.042,4.058,4.124,4.174,4.054,4.105,32.768,25.9,-0.088
8921545,4.096,4.116,4.042,4.058,4.107,4.174,4.054,4.105,32.752,25.8,-0.103
8936616,4.096,4.107,4.051,4.058,4.107,4.174,4.021,4.099,32.713,25.8,-0.088
8951687,4.096,4.116,4.042,4.058,4.107,4.174,4.021,4.099,32.713,25.8,-0.122
8966694,4.091,4.120,4.042,4.058,4.124,4.174,4.021,4.099,32.729,25.8,-0.097
8981696,4.096,4.116,4.042,4.058,4.124,4.146,4.050,4.099,32.731,25.8,-0.075
8996775,4.091,4.120,4.042,4.058,4.124,4.174,4.021,4.099,32.729,25.8,-0.130
9011863,4.091,4.120,4.042,4.058,4.124,4.146,4.050,4.099,32.730,25.7,-0.130
9026941,4.091,4.112,4.051,4.058,4.124,4.174,4.021,4.099,32.730,25.7,-0.082
9042017,4.091,4.120,4.028,4.055,4.124,4.174,4.021,4.099,32.712,25.7,-0.118
9057098,4.091,4.112,4.051,4.058,4.124,4.174,3.989,4.131,32.730,25.7,-0.102
9072187,4.091,4.112,4.051,4.040,4.097,4.173,4.050,4.099,32.713,25.7,-0.117
9087263,4.091,4.112,4.036,4.055,4.097,4.173,4.017,4.131,32.712,25.6,-0.106
9102341,4.091,4.112,4.036,4.055,4.115,4.173,4.017,4.092,32.691,25.6,-0.102
9117439,4.091,4.103,4.045,4.055,4.097,4.173,4.050,4.099,32.713,25.5,-0.109
9132531,4.091,4.112,4.036,4.055,4.115,4.173,4.017,4.092,32.691,25.6,-0.127
9147607,4.086,4.108,4.045,4.055,4.097,4.173,4.017,4.092,32.673,25.5,-0.091
9162685,4.091,4.103,4.045,4.055,4.097,4.173,4.017,4.092,32.673,25.5,-0.130
9177783,4.091,4.103,4.045,4.055,4.097,4.173,4.050,4.099,32.713,25.5,-0.141
9192861,4.091,4.112,4.036,4.055,4.097,4.173,4.017,4.092,32.673,25.5,-0.129
9207939,4.091,4.103,4.045,4.037,4.097,4.173,4.017,4.092,32.655,25.5,-0.117
9223017,4.086,4.108,4.031,4.069,4.115,4.145,4.046,4.092,32.692,25.5,-0.120
9238095,4.086,4.108,4.045,4.037,4.115,4.145,4.046,4.053,32.635,25.5,-0.138
9253168,4.086,4.108,4.045,4.037,4.115,4.145,4.046,4.092,32.674,25.4,-0.131
9268238,4.086,4.099,4.040,4.051,4.133,4.145,4.013,4.086,32.653,25.4,-0.099
9283309,4.086,4.108,4.031,4.069,4.087,4.172,4.046,4.092,32.691,25.4,-0.127
9298413,4.086,4.099,4.040,4.069,4.087,4.172,4.013,4.086,32.652,25.4,-0.106
9313478,4.086,4.108,4.031,4.051,4.087,4.172,4.013,4.086,32.634,25.4,-0.112
9328549,4.081,4.104,4.040,4.051,4.105,4.172,4.013,4.086,32.652,25.3,-0.106
9343633,4.086,4.108,4.031,4.051,4.105,4.172,4.013,4.125,32.691,25.2,-0.137
9358704,4.086,4.108,4.031,4.051,4.105,4.172,4.013,4.125,32.691,25.3,-0.128
9373792,4.086,4.108,4.031,4.051,4.105,4.172,4.013,4.086,32.652,25.2,-0.130
9388880,4.081,4.104,4.040,4.051,4.087,4.172,4.013,4.086,32.634,25.3,-0.122
9403959,4.086,4.099,4.040,4.051,4.087,4.172,3.980,4.118,32.633,25.2,-0.095
9419037,4.086,4.099,4.040,4.051,4.060,4.199,4.013,4.086,32.634,25.2,-0.122
9434115,4.086,4.099,4.040,4.051,4.087,4.172,4.013,4.086,32.634,25.2,-0.097
9449187,4.086,4.099,4.040,4.051,4.105,4.144,4.009,4.118,32.652,25.2,-0.125
9464258,4.086,4.099,4.040,4.051,4.105,4.172,4.013,4.086,32.652,25.2,-0.136
9479346,4.081,4.104,4.040,4.051,4.105,4.172,4.013,4.086,32.652,25.2,-0.134
9494423,4.081,4.104,4.040,4.051,4.078,4.199,4.013,4.086,32.652,25.2,-0.123
9509495,4.081,4.104,4.040,4.051,4.078,4.199,4.013,4.086,32.652,25.1,-0.124
9524567,4.076,4.109,4.040,4.033,4.105,4.172,4.013,4.086,32.634,25.1,-0.115
9539644,4.081,4.104,4.040,4.033,4.105,4.144,4.041,4.047,32.595,25.1,-0.118
9554716,4.081,4.104,4.025,4.048,4.105,4.144,4.009,4.118,32.634,25.0,-0.125
9569723,4.081,4.095,4.034,4.048,4.123,4.144,4.009,4.118,32.652,25.0,-0.104
9584726,4.081,4.104,4.025,4.048,4.105,4.144,4.041,4.086,32.634,25.0,-0.114
9599805,4.081,4.104,4.025,4.048,4.105,4.144,4.009,4.118,32.634,25.0,-0.141
9614883,4.081,4.095,4.034,4.048,4.105,4.144,4.009,4.118,32.634,25.0,-0.123
9629961,4.081,4.104,4.025,4.048,4.123,4.144,4.009,4.118,32.652,25.0,-0.136
9645039,4.081,4.104,4.025,4.048,4.105,4.144,4.009,4.118,32.634,25.0,-0.127
9660117,4.076,4.109,4.025,4.048,4.105,4.144,4.009,4.080,32.596,25.0,-0.123
9675195,4.081,4.095,4.034,4.048,4.096,4.171,4.009,4.118,32.652,24.9,-0.108
9690271,4.081,4.095,4.034,4.048,4.078,4.171,4.009,4.080,32.596,24.9,-0.120
9705349,4.076,4.100,4.034,4.048,4.096,4.171,4.009,4.118,32.652,24.9,-0.131
9720427,4.081,4.095,4.034,4.048,4.096,4.143,4.037,4.080,32.614,24.9,-0.108
9735505,4.081,4.095,4.034,4.048,4.096,4.171,4.009,4.118,32.652,24.9,-0.122
9750583,4.081,4.095,4.034,4.048,4.096,4.171,4.009,4.080,32.614,24.9,-0.135
9765661,4.076,4.100,4.034,4.048,4.096,4.171,4.009,4.080,32.614,24.8,-0.102
9780738,4.076,4.100,4.034,4.048,4.051,4.198,4.009,4.080,32.596,24.8,-0.128
9795816,4.076,4.100,4.019,4.045,4.096,4.143,4.037,4.080,32.596,24.8,-0.122
9810894,4.076,4.100,4.019,4.045,4.096,4.171,4.009,4.080,32.596,24.8,-0.139
9825982,4.076,4.100,4.019,4.063,4.096,4.171,4.009,4.041,32.575,24.8,-0.139
9841060,4.076,4.100,4.034,4.048,4.096,4.171,4.009,4.080,32.614,24.7,-0.144
9856138,4.076,4.100,4.034,4.048,4.096,4.143,4.005,4.112,32.614,24.7,-0.117
9871216,4.076,4.100,4.034,4.048,4.096,4.143,4.005,4.112,32.614,24.7,-0.145
9886304,4.071,4.105,4.034,4.048,4.096,4.171,3.976,4.112,32.613,24.7,-0.129
9901382,4.076,4.100,4.034,4.030,4.096,4.143,4.037,4.080,32.596,24.8,-0.114
9916460,4.076,4.100,4.034,4.030,4.096,4.143,4.037,4.041,32.557,24.7,-0.119
9931548,4.076,4.100,4.019,4.045,4.068,4.170,4.005,4.112,32.595,24.7,-0.136
9946626,4.071,4.105,4.019,4.045,4.096,4.143,4.005,4.112,32.596,24.7,-0.111
9961704,4.076,4.100,4.019,4.045,4.096,4.143,4.037,4.080,32.596,24.7,-0.130
9976776,4.076,4.100,4.019,4.045,4.096,4.143,4.005,4.112,32.596,24.7,-0.109
9991856,4.076,4.100,4.019,4.045,4.114,4.143,4.037,4.080,32.614,24.6,-0.128
10006934,4.076,4.100,4.019,4.045,4.096,4.143,4.005,4.073,32.557,24.6,-0.133
10022012,4.076,4.100,4.019,4.045,4.096,4.143,4.005,4.112,32.596,24.6,-0.132
10037090,4.076,4.100,4.034,4.048,4.096,4.171,4.009,4.080,32.614,24.5,-0.140
10052169,4.076,4.100,4.019,4.063,4.096,4.171,4.009,4.080,32.614,24.6,-0.140
10067247,4.076,4.091,4.043,4.048,4.096,4.143,4.037,4.080,32.614,24.6,-0.122
10082325,4.076,4.100,4.034,4.048,4.096,4.171,4.009,4.080,32.614,24.5,-0.129
10097403,4.076,4.100,4.034,4.048,4.096,4.171,4.009,4.080,32.614,24.5,-0.109
10112478,4.076,4.091,4.028,4.063,4.096,4.143,4.005,4.112,32.614,24.5,-0.137
10127549,4.071,4.105,4.019,4.045,4.096,4.143,4.005,4.112,32.596,24.5,-0.135
10142627,4.071,4.105,4.019,4.045,4.096,4.143,4.005,4.112,32.596,24.5,-0.132
10157705,4.076,4.091,4.028,4.027,4.096,4.143,4.037,4.041,32.539,24.5,-0.118
10172794,4.071,4.105,4.019,4.045,4.114,4.143,4.005,4.112,32.614,24.5,-0.121
10187872,4.076,4.100,4.019,4.045,4.096,4.143,4.005,4.112,32.596,24.5,-0.141
10202954,4.076,4.091,4.028,4.045,4.114,4.143,4.005,4.112,32.614,24.5,-0.118
10218030,4.071,4.096,4.028,4.045,4.096,4.143,4.005,4.073,32.557,24.4,-0.088
10233109,4.076,4.091,4.028,4.045,4.096,4.143,4.005,4.073,32.557,24.4,-0.120
10248186,4.076,4.091,4.028,4.045,4.114,4.143,4.005,4.112,32.614,24.4,-0.131
10263273,4.076,4.091,4.028,4.045,4.114,4.143,4.005,4.112,32.614,24.4,-0.112
10278351,4.076,4.091,4.028,4.045,4.096,4.143,4.005,4.112,32.596,24.4,-0.124
10293429,4.076,4.091,4.028,4.045,4.096,4.143,4.005,4.073,32.557,24.4,-0.152
10308516,4.076,4.091,4.028,4.045,4.114,4.143,4.005,4.112,32.614,24.4,-0.104
10323595,4.076,4.091,4.028,4.045,4.096,4.143,4.005,4.112,32.596,24.3,-0.145
10338693,4.071,4.096,4.028,4.045,4.096,4.143,4.005,4.112,32.596,24.3,-0.148
10353771,4.071,4.096,4.028,4.045,4.096,4.114,4.001,4.145,32.596,24.3,-0.138
10368858,4.076,4.091,4.028,4.045,4.114,4.143,4.005,4.073,32.575,24.3,-0.145
10383937,4.076,4.091,4.028,4.027,4.096,4.143,4.005,4.073,32.539,24.3,-0.132
10399028,4.076,4.091,4.028,4.045,4.086,4.170,4.005,4.073,32.574,24.3,-0.142
10414104,4.076,4.091,4.028,4.045,4.086,4.170,4.005,4.073,32.574,24.3,-0.131
10429191,4.076,4.091,4.028,4.045,4.114,4.143,4.005,4.073,32.575,24.2,-0.148
10444270,4.071,4.096,4.028,4.045,4.086,4.170,4.005,4.073,32.574,24.3,-0.125
10459348,4.076,4.091,4.028,4.045,4.086,4.170,3.972,4.106,32.574,24.2,-0.133
10474421,4.071,4.096,4.028,4.045,4.086,4.170,4.005,4.073,32.574,24.2,-0.161
10489493,4.071,4.096,4.028,4.045,4.114,4.143,4.005,4.073,32.575,24.2,-0.140
10504587,4.071,4.096,4.028,4.045,4.114,4.143,4.005,4.073,32.575,24.2,-0.127
10519675,4.071,4.096,4.028,4.045,4.114,4.143,4.005,4.073,32.575,24.2,-0.113
10534741,4.071,4.096,4.028,4.045,4.086,4.170,4.005,4.073,32.574,24.2,-0.162
10549822,4.071,4.096,4.028,4.045,4.086,4.142,4.033,4.073,32.574,24.2,-0.131
10564910,4.071,4.096,4.028,4.045,4.086,4.170,4.005,4.073,32.574,24.1,-0.124
10580018,4.071,4.096,4.028,4.045,4.086,4.170,4.005,4.073,32.574,24.2,-0.131
10595084,4.071,4.096,4.028,4.045,4.114,4.143,3.972,4.106,32.575,24.1,-0.139
10610165,4.071,4.096,4.028,4.045,4.086,4.170,4.005,4.073,32.574,24.1,-0.134
10625231,4.071,4.096,4.028,4.045,4.086,4.170,4.005,4.073,32.574,24.1,-0.143
10640320,4.071,4.096,4.028,4.045,4.086,4.170,4.005,4.073,32.574,24.0,-0.126
10655398,4.071,4.096,4.028,4.045,4.086,4.170,3.972,4.106,32.574,24.1,-0.137
10670474,4.071,4.096,4.014,4.059,4.086,4.170,4.005,4.073,32.574,24.0,-0.127
10685550,4.066,4.101,4.028,4.045,4.086,4.170,4.005,4.073,32.574,24.0,-0.146
10700621,4.071,4.096,4.014,4.059,4.086,4.170,4.005,4.073,32.574,24.1,-0.138
10715709,4.071,4.096,4.028,4.045,4.086,4.170,3.972,4.106,32.574,24.0,-0.080
10730787,4.071,4.096,4.014,4.041,4.086,4.170,4.005,4.034,32.517,24.0,-0.136
10745861,4.071,4.096,4.028,4.045,4.086,4.170,3.972,4.067,32.535,24.0,-0.114
10760949,4.071,4.087,4.037,4.045,4.086,4.170,4.005,4.034,32.535,24.0,-0.109
10776020,4.071,4.096,4.028,4.027,4.086,4.170,4.005,4.073,32.556,24.0,-0.146
10791028,4.071,4.096,4.028,4.045,4.086,4.170,3.972,4.106,32.574,24.0,-0.105
10806031,4.071,4.087,4.022,4.059,4.086,4.142,4.001,4.106,32.574,24.0,-0.135
10821109,4.071,4.087,4.022,4.059,4.086,4.142,4.001,4.106,32.574,23.9,-0.113
10836188,4.071,4.087,4.022,4.041,4.086,4.142,4.001,4.106,32.556,24.0,-0.115
10851266,4.066,4.092,4.037,4.027,4.086,4.142,4.001,4.067,32.518,24.0,-0.130
10866354,4.071,4.087,4.022,4.041,4.086,4.142,4.001,4.106,32.556,24.0,-0.134
10881432,4.071,4.087,4.022,4.041,4.086,4.142,4.001,4.106,32.556,23.9,-0.133
10896510,4.071,4.087,4.022,4.041,4.086,4.142,4.001,4.106,32.556,23.9,-0.143
10911588,4.071,4.087,4.022,4.041,4.086,4.142,4.001,4.106,32.556,23.9,-0.134
10926666,4.071,4.087,4.022,4.041,4.104,4.142,4.001,4.106,32.574,23.9,-0.108
10941739,4.066,4.092,4.022,4.041,4.059,4.169,4.001,4.106,32.556,23.9,-0.147
10956827,4.066,4.092,4.022,4.059,4.086,4.142,3.968,4.099,32.534,23.9,-0.124
10971905,4.071,4.087,4.022,4.041,4.086,4.142,4.001,4.106,32.556,23.9,-0.137
10986993,4.071,4.087,4.022,4.041,4.086,4.142,4.001,4.106,32.556,23.9,-0.141
11002071,4.071,4.087,4.022,4.041,4.086,4.142,4.001,4.067,32.517,23.9,-0.145
11017149,4.071,4.087,4.022,4.041,4.086,4.142,4.001,4.067,32.517,23.9,-0.078
11032228,4.071,4.087,4.022,4.041,4.086,4.142,4.001,4.106,32.556,23.8,-0.120
11047306,4.071,4.078,4.031,4.041,4.086,4.142,4.001,4.067,32.517,23.8,-0.141
11062384,4.066,4.092,4.022,4.041,4.104,4.142,4.001,4.106,32.574,23.8,-0.146
11077462,4.071,4.087,4.022,4.041,4.077,4.169,4.001,4.067,32.535,23.8,-0.116
11092533,4.071,4.087,4.022,4.041,4.086,4.142,4.001,4.067,32.517,23.8,-0.114
11107622,4.071,4.087,4.022,4.059,4.104,4.142,4.001,4.106,32.592,23.8,-0.124
11122687,4.071,4.087,4.037,4.027,4.086,4.142,4.001,4.067,32.518,23.8,-0.150
11137759,4.071,4.087,4.037,4.027,4.086,4.142,4.001,4.106,32.557,23.8,-0.117
11152844,4.071,4.087,4.022,4.041,4.104,4.142,4.001,4.106,32.574,23.8,-0.127
11167921,4.071,4.087,4.022,4.041,4.077,4.169,4.001,4.067,32.535,23.8,-0.130
11182992,4.071,4.087,4.022,4.041,4.086,4.142,4.001,4.106,32.556,23.7,-0.153
11198090,4.071,4.087,4.022,4.041,4.086,4.142,4.001,4.067,32.517,23.7,-0.125
11213168,4.071,4.087,4.022,4.041,4.086,4.142,4.001,4.067,32.517,23.7,-0.148
11228239,4.071,4.087,4.022,4.041,4.086,4.142,4.001,4.067,32.517,23.7,-0.149
11243323,4.071,4.087,4.022,4.041,4.086,4.142,4.001,4.067,32.517,23.7,-0.103
11258401,4.071,4.087,4.022,4.041,4.104,4.142,4.001,4.067,32.535,23.7,-0.122
11273475,4.071,4.087,4.022,4.041,4.086,4.142,3.968,4.099,32.516,23.7,-0.140
11288546,4.071,4.087,4.022,4.041,4.104,4.142,3.968,4.099,32.534,23.7,-0.133
11303617,4.071,4.087,4.022,4.041,4.104,4.142,4.001,4.067,32.535,23.7,-0.109
11318689,4.071,4.078,4.031,4.041,4.104,4.142,4.001,4.067,32.535,23.7,-0.128
11333762,4.066,4.092,4.022,4.041,4.104,4.142,4.001,4.067,32.535,23.7,-0.126
11348840,4.071,4.078,4.017,4.056,4.077,4.169,4.001,4.067,32.536,23.7,-0.135
11363911,4.071,4.087,4.022,4.041,4.104,4.142,3.968,4.099,32.534,23.7,-0.139
11378982,4.071,4.087,4.022,4.041,4.104,4.142,4.001,4.067,32.535,23.6,-0.157
11394053,4.071,4.087,4.022,4.041,4.104,4.142,4.001,4.067,32.535,23.7,-0.130
11409060,4.066,4.092,4.022,4.023,4.104,4.113,4.029,4.067,32.516,23.6,-0.125
11424063,4.066,4.083,4.017,4.056,4.104,4.142,4.001,4.067,32.536,23.6,-0.136
11439151,4.066,4.092,4.022,4.041,4.086,4.142,4.001,4.067,32.517,23.6,-0.141
11454249,4.066,4.092,4.022,4.041,4.104,4.142,4.001,4.067,32.535,23.6,-0.137
11469327,4.066,4.092,4.022,4.041,4.104,4.142,3.968,4.099,32.534,23.6,-0.128
11484405,4.066,4.092,4.008,4.056,4.104,4.142,4.001,4.067,32.536,23.6,-0.126
11499483,4.066,4.083,4.031,4.041,4.104,4.142,4.001,4.067,32.535,23.6,-0.122
11514561,4.066,4.092,4.022,4.041,4.086,4.142,4.001,4.067,32.517,23.6,-0.150
11529637,4.066,4.092,4.022,4.041,4.104,4.142,4.001,4.067,32.535,23.6,-0.130
11544715,4.066,4.083,4.031,4.041,4.077,4.169,4.001,4.067,32.535,23.6,-0.133
11559803,4.066,4.083,4.031,4.041,4.104,4.113,4.029,4.067,32.534,23.6,-0.139
11574888,4.066,4.092,4.022,4.023,4.104,4.142,3.968,4.099,32.516,23.6,-0.122
11589967,4.066,4.092,4.022,4.041,4.086,4.113,4.029,4.067,32.516,23.5,-0.149
11605045,4.066,4.092,4.022,4.041,4.104,4.142,4.001,4.067,32.535,23.5,-0.135
11620123,4.066,4.092,4.022,4.041,4.104,4.142,4.001,4.067,32.535,23.5,-0.119
11635201,4.066,4.092,4.022,4.041,4.104,4.142,4.001,4.067,32.535,23.5,-0.137
11650279,4.066,4.092,4.022,4.041,4.104,4.113,3.997,4.099,32.534,23.5,-0.163
11665367,4.066,4.083,4.031,4.041,4.077,4.169,4.001,4.067,32.535,23.5,-0.139
11680443,4.066,4.083,4.031,4.041,4.104,4.142,4.001,4.067,32.535,23.5,-0.132
11695531,4.066,4.083,4.031,4.023,4.104,4.142,4.001,4.067,32.517,23.5,-0.117
11710609,4.066,4.092,4.022,4.041,4.104,4.142,3.968,4.099,32.534,23.5,-0.152
11725687,4.066,4.083,4.031,4.023,4.104,4.142,3.968,4.099,32.516,23.5,-0.130
11740765,4.066,4.092,4.022,4.041,4.077,4.141,4.029,4.067,32.535,23.5,-0.148
11755843,4.062,4.088,4.031,4.041,4.104,4.142,4.001,4.067,32.536,23.5,-0.116
22136,4.081,4.104,4.040,4.051,4.087,4.172,4.013,4.086,32.634,23.5,0.000
37214,4.081,4.104,4.040,4.051,4.115,4.145,4.013,4.125,32.674,23.4,0.000
52302,4.081,4.104,4.025,4.066,4.105,4.172,4.013,4.086,32.652,23.4,0.000
67390,4.076,4.109,4.040,4.051,4.078,4.199,4.013,4.086,32.652,23.4,0.000
82466,4.076,4.109,4.025,4.066,4.105,4.172,4.013,4.086,32.652,23.4,0.000
97547,4.081,4.104,4.025,4.066,4.105,4.172,4.013,4.086,32.652,23.4,0.000
112640,4.086,4.099,4.025,4.066,4.115,4.145,4.046,4.131,32.713,23.4,0.000
